;|V|;D(%);ƒ;c;t(sec);α
johnson8-2-4_ratio_1_0.25;29;58.62;0.5555555555555556;5;0.012307882308959961;0.25
johnson8-2-4_ratio_2_0.25;29;58.62;0.5555555555555556;5;0.011196136474609375;0.25
johnson8-2-4_ratio_3_0.25;29;58.62;0.5555555555555556;5;0.01128697395324707;0.25
johnson8-2-4_ratio_4_0.25;29;58.62;0.5555555555555556;5;0.011543035507202148;0.25
johnson8-2-4_ratio_5_0.25;29;58.62;0.5555555555555556;5;0.010588884353637695;0.25
johnson8-2-4_ratio_6_0.25;29;58.62;0.5555555555555556;5;0.010279178619384766;0.25
johnson8-2-4_ratio_7_0.25;29;58.62;0.5555555555555556;5;0.009687185287475586;0.25
johnson8-2-4_ratio_8_0.25;29;58.62;0.5555555555555556;5;0.009160757064819336;0.25
johnson8-2-4_ratio_9_0.25;29;58.62;0.5555555555555556;5;0.011155843734741211;0.25
johnson8-2-4_ratio_10_0.25;29;58.62;0.5555555555555556;5;0.00997304916381836;0.25
johnson8-2-4_ratio_11_0.25;29;58.62;0.5555555555555556;5;0.009924173355102539;0.25
johnson8-2-4_ratio_12_0.25;29;58.62;0.5555555555555556;5;0.009966135025024414;0.25
johnson8-2-4_ratio_13_0.25;29;58.62;0.5555555555555556;5;0.009270191192626953;0.25
johnson8-2-4_ratio_14_0.25;29;58.62;0.5555555555555556;5;0.009989738464355469;0.25
johnson8-2-4_ratio_15_0.25;29;58.62;0.5555555555555556;5;0.009950876235961914;0.25
johnson8-2-4_ratio_16_0.25;29;58.62;0.5555555555555556;5;0.009715080261230469;0.25
johnson8-2-4_ratio_17_0.25;29;58.62;0.5555555555555556;5;0.00923919677734375;0.25
johnson8-2-4_ratio_18_0.25;29;58.62;0.5555555555555556;5;0.01014399528503418;0.25
johnson8-2-4_ratio_19_0.25;29;58.62;0.5555555555555556;5;0.010032176971435547;0.25
johnson8-2-4_ratio_20_0.25;29;58.62;0.5555555555555556;5;0.01067495346069336;0.25
johnson8-2-4_ratio_21_0.25;29;58.62;0.5555555555555556;5;0.012501001358032227;0.25
johnson8-2-4_ratio_22_0.25;29;58.62;0.5555555555555556;5;0.010601997375488281;0.25
johnson8-2-4_ratio_23_0.25;29;58.62;0.5555555555555556;5;0.011516094207763672;0.25
johnson8-2-4_ratio_24_0.25;29;58.62;0.5555555555555556;5;0.012178182601928711;0.25
johnson8-2-4_ratio_25_0.25;29;58.62;0.5555555555555556;5;0.012578010559082031;0.25
johnson8-2-4_ratio_26_0.25;29;58.62;0.5555555555555556;5;0.011425971984863281;0.25
johnson8-2-4_ratio_27_0.25;29;58.62;0.5555555555555556;5;0.012839794158935547;0.25
johnson8-2-4_ratio_28_0.25;29;58.62;0.5555555555555556;5;0.012928009033203125;0.25
johnson8-2-4_ratio_29_0.25;29;58.62;0.5555555555555556;5;0.009827852249145508;0.25
johnson8-2-4_ratio_30_0.25;29;58.62;0.5555555555555556;5;0.009322881698608398;0.25
johnson8-2-4_ratio_31_0.25;29;58.62;0.5555555555555556;5;0.010581016540527344;0.25
johnson8-2-4_ratio_32_0.25;29;58.62;0.5555555555555556;5;0.010604143142700195;0.25
johnson8-2-4_ratio_33_0.25;29;58.62;0.5555555555555556;5;0.01168680191040039;0.25
johnson8-2-4_ratio_34_0.25;29;58.62;0.5555555555555556;5;0.01041722297668457;0.25
johnson8-2-4_ratio_35_0.25;29;58.62;0.5555555555555556;5;0.010502099990844727;0.25
johnson8-2-4_ratio_36_0.25;29;58.62;0.5555555555555556;5;0.009777069091796875;0.25
johnson8-2-4_ratio_37_0.25;29;58.62;0.5555555555555556;5;0.01190495491027832;0.25
johnson8-2-4_ratio_38_0.25;29;58.62;0.5555555555555556;5;0.013852834701538086;0.25
johnson8-2-4_ratio_39_0.25;29;58.62;0.5555555555555556;5;0.012135028839111328;0.25
johnson8-2-4_ratio_40_0.25;29;58.62;0.5555555555555556;5;0.012706995010375977;0.25
johnson8-2-4_ratio_41_0.25;29;58.62;0.5555555555555556;5;0.013521909713745117;0.25
johnson8-2-4_ratio_42_0.25;29;58.62;0.5555555555555556;5;0.014724016189575195;0.25
johnson8-2-4_ratio_43_0.25;29;58.62;0.5555555555555556;5;0.020553112030029297;0.25
johnson8-2-4_ratio_44_0.25;29;58.62;0.5555555555555556;5;0.012728691101074219;0.25
johnson8-2-4_ratio_45_0.25;29;58.62;0.5555555555555556;5;0.010495901107788086;0.25
johnson8-2-4_ratio_46_0.25;29;58.62;0.5555555555555556;5;0.01147317886352539;0.25
johnson8-2-4_ratio_47_0.25;29;58.62;0.5555555555555556;5;0.009725809097290039;0.25
johnson8-2-4_ratio_48_0.25;29;58.62;0.5555555555555556;5;0.01050424575805664;0.25
johnson8-2-4_ratio_49_0.25;29;58.62;0.5555555555555556;5;0.010408878326416016;0.25
johnson8-2-4_ratio_50_0.25;29;58.62;0.5555555555555556;5;0.011779069900512695;0.25
johnson8-2-4_ratio_51_0.25;29;58.62;0.5555555555555556;5;0.01069021224975586;0.25
johnson8-2-4_ratio_52_0.25;29;58.62;0.5555555555555556;5;0.010466814041137695;0.25
johnson8-2-4_ratio_53_0.25;29;58.62;0.5555555555555556;5;0.009386062622070312;0.25
johnson8-2-4_ratio_54_0.25;29;58.62;0.5555555555555556;5;0.010874032974243164;0.25
johnson8-2-4_ratio_55_0.25;29;58.62;0.5555555555555556;5;0.010118961334228516;0.25
johnson8-2-4_ratio_56_0.25;29;58.62;0.5555555555555556;5;0.011347055435180664;0.25
johnson8-2-4_ratio_57_0.25;29;58.62;0.5555555555555556;5;0.011790990829467773;0.25
johnson8-2-4_ratio_58_0.25;29;58.62;0.5555555555555556;5;0.011378288269042969;0.25
johnson8-2-4_ratio_59_0.25;29;58.62;0.5555555555555556;5;0.012440919876098633;0.25
johnson8-2-4_ratio_60_0.25;29;58.62;0.5555555555555556;5;0.011292219161987305;0.25
johnson8-2-4_ratio_61_0.25;29;58.62;0.5555555555555556;5;0.015738248825073242;0.25
johnson8-2-4_ratio_62_0.25;29;58.62;0.5555555555555556;5;0.016835927963256836;0.25
johnson8-2-4_ratio_63_0.25;29;58.62;0.5555555555555556;5;0.011690616607666016;0.25
johnson8-2-4_ratio_64_0.25;29;58.62;0.5555555555555556;5;0.011809110641479492;0.25
johnson8-2-4_ratio_65_0.25;29;58.62;0.5555555555555556;5;0.012377023696899414;0.25
johnson8-2-4_ratio_66_0.25;29;58.62;0.5555555555555556;5;0.011878013610839844;0.25
johnson8-2-4_ratio_67_0.25;29;58.62;0.5555555555555556;5;0.010365962982177734;0.25
johnson8-2-4_ratio_68_0.25;29;58.62;0.5555555555555556;5;0.010828971862792969;0.25
johnson8-2-4_ratio_69_0.25;29;58.62;0.5555555555555556;5;0.010615825653076172;0.25
johnson8-2-4_ratio_70_0.25;29;58.62;0.5555555555555556;5;0.010659933090209961;0.25
johnson8-2-4_ratio_71_0.25;29;58.62;0.5555555555555556;5;0.010975837707519531;0.25
johnson8-2-4_ratio_72_0.25;29;58.62;0.5555555555555556;5;0.03602004051208496;0.25
johnson8-2-4_ratio_73_0.25;29;58.62;0.5555555555555556;5;0.026641845703125;0.25
johnson8-2-4_ratio_74_0.25;29;58.62;0.5555555555555556;5;0.015221118927001953;0.25
johnson8-2-4_ratio_75_0.25;29;58.62;0.5555555555555556;5;0.014186859130859375;0.25
johnson8-2-4_ratio_76_0.25;29;58.62;0.5555555555555556;5;0.012678861618041992;0.25
johnson8-2-4_ratio_77_0.25;29;58.62;0.5555555555555556;5;0.010776996612548828;0.25
johnson8-2-4_ratio_78_0.25;29;58.62;0.5555555555555556;5;0.010245800018310547;0.25
johnson8-2-4_ratio_79_0.25;29;58.62;0.5555555555555556;5;0.009844064712524414;0.25
johnson8-2-4_ratio_80_0.25;29;58.62;0.5555555555555556;5;0.009508848190307617;0.25
johnson8-2-4_ratio_81_0.25;29;58.62;0.5555555555555556;5;0.009121894836425781;0.25
johnson8-2-4_ratio_82_0.25;29;58.62;0.5555555555555556;5;0.00983881950378418;0.25
johnson8-2-4_ratio_83_0.25;29;58.62;0.5555555555555556;5;0.010357141494750977;0.25
johnson8-2-4_ratio_84_0.25;29;58.62;0.5555555555555556;5;0.009344100952148438;0.25
johnson8-2-4_ratio_85_0.25;29;58.62;0.5555555555555556;5;0.009292125701904297;0.25
johnson8-2-4_ratio_86_0.25;29;58.62;0.5555555555555556;5;0.010720014572143555;0.25
johnson8-2-4_ratio_87_0.25;29;58.62;0.5555555555555556;5;0.011774063110351562;0.25
johnson8-2-4_ratio_88_0.25;29;58.62;0.5555555555555556;5;0.012694120407104492;0.25
johnson8-2-4_ratio_89_0.25;29;58.62;0.5555555555555556;5;0.015056848526000977;0.25
johnson8-2-4_ratio_90_0.25;29;58.62;0.5555555555555556;5;0.01498103141784668;0.25
johnson8-2-4_ratio_91_0.25;29;58.62;0.5555555555555556;5;0.01368093490600586;0.25
johnson8-2-4_ratio_92_0.25;29;58.62;0.5555555555555556;5;0.015102148056030273;0.25
johnson8-2-4_ratio_93_0.25;29;58.62;0.5555555555555556;5;0.013734817504882812;0.25
johnson8-2-4_ratio_94_0.25;29;58.62;0.5555555555555556;5;0.011363983154296875;0.25
johnson8-2-4_ratio_95_0.25;29;58.62;0.5555555555555556;5;0.010385751724243164;0.25
johnson8-2-4_ratio_96_0.25;29;58.62;0.5555555555555556;5;0.01514124870300293;0.25
johnson8-2-4_ratio_97_0.25;29;58.62;0.5555555555555556;5;0.010497093200683594;0.25
johnson8-2-4_ratio_98_0.25;29;58.62;0.5555555555555556;5;0.010601997375488281;0.25
johnson8-2-4_ratio_99_0.25;29;58.62;0.5555555555555556;5;0.010341882705688477;0.25
johnson8-2-4_ratio_100_0.25;29;58.62;0.5555555555555556;5;0.010641098022460938;0.25
johnson8-2-4_ratio_1_0.5;29;58.62;0.5555555555555556;5;0.010780096054077148;0.5
johnson8-2-4_ratio_2_0.5;29;58.62;0.5555555555555556;5;0.009727954864501953;0.5
johnson8-2-4_ratio_3_0.5;29;58.62;0.5555555555555556;5;0.01473379135131836;0.5
johnson8-2-4_ratio_4_0.5;29;58.62;0.5555555555555556;5;0.01425480842590332;0.5
johnson8-2-4_ratio_5_0.5;29;58.62;0.5555555555555556;5;0.013410806655883789;0.5
johnson8-2-4_ratio_6_0.5;29;58.62;0.5555555555555556;5;0.010931968688964844;0.5
johnson8-2-4_ratio_7_0.5;29;58.62;0.5555555555555556;5;0.012474775314331055;0.5
johnson8-2-4_ratio_8_0.5;29;58.62;0.5555555555555556;5;0.013309955596923828;0.5
johnson8-2-4_ratio_9_0.5;29;58.62;0.5555555555555556;5;0.013504981994628906;0.5
johnson8-2-4_ratio_10_0.5;29;58.62;0.5555555555555556;5;0.014480113983154297;0.5
johnson8-2-4_ratio_11_0.5;29;58.62;0.5555555555555556;5;0.009530067443847656;0.5
johnson8-2-4_ratio_12_0.5;29;58.62;0.5555555555555556;5;0.010264158248901367;0.5
johnson8-2-4_ratio_13_0.5;29;58.62;0.5555555555555556;5;0.009219169616699219;0.5
johnson8-2-4_ratio_14_0.5;29;58.62;0.5555555555555556;5;0.01011204719543457;0.5
johnson8-2-4_ratio_15_0.5;29;58.62;0.5555555555555556;5;0.009073972702026367;0.5
johnson8-2-4_ratio_16_0.5;29;58.62;0.5555555555555556;5;0.009586811065673828;0.5
johnson8-2-4_ratio_17_0.5;29;58.62;0.5555555555555556;5;0.009607791900634766;0.5
johnson8-2-4_ratio_18_0.5;29;58.62;0.5555555555555556;5;0.010038137435913086;0.5
johnson8-2-4_ratio_19_0.5;29;58.62;0.5555555555555556;5;0.009120941162109375;0.5
johnson8-2-4_ratio_20_0.5;29;58.62;0.5555555555555556;5;0.01088261604309082;0.5
johnson8-2-4_ratio_21_0.5;29;58.62;0.5555555555555556;5;0.010877132415771484;0.5
johnson8-2-4_ratio_22_0.5;29;58.62;0.5555555555555556;5;0.01185297966003418;0.5
johnson8-2-4_ratio_23_0.5;29;58.62;0.5555555555555556;5;0.011729240417480469;0.5
johnson8-2-4_ratio_24_0.5;29;58.62;0.5555555555555556;5;0.012868165969848633;0.5
johnson8-2-4_ratio_25_0.5;29;58.62;0.5555555555555556;5;0.013358831405639648;0.5
johnson8-2-4_ratio_26_0.5;29;58.62;0.5555555555555556;5;0.016330242156982422;0.5
johnson8-2-4_ratio_27_0.5;29;58.62;0.5555555555555556;5;0.011333227157592773;0.5
johnson8-2-4_ratio_28_0.5;29;58.62;0.5555555555555556;5;0.011202096939086914;0.5
johnson8-2-4_ratio_29_0.5;29;58.62;0.5555555555555556;5;0.010756969451904297;0.5
johnson8-2-4_ratio_30_0.5;29;58.62;0.5555555555555556;5;0.010213136672973633;0.5
johnson8-2-4_ratio_31_0.5;29;58.62;0.5555555555555556;5;0.010313034057617188;0.5
johnson8-2-4_ratio_32_0.5;29;58.62;0.5555555555555556;5;0.009917974472045898;0.5
johnson8-2-4_ratio_33_0.5;29;58.62;0.5555555555555556;5;0.010020971298217773;0.5
johnson8-2-4_ratio_34_0.5;29;58.62;0.5555555555555556;5;0.009920120239257812;0.5
johnson8-2-4_ratio_35_0.5;29;58.62;0.5555555555555556;5;0.00975799560546875;0.5
johnson8-2-4_ratio_36_0.5;29;58.62;0.5555555555555556;5;0.010191679000854492;0.5
johnson8-2-4_ratio_37_0.5;29;58.62;0.5555555555555556;5;0.010416746139526367;0.5
johnson8-2-4_ratio_38_0.5;29;58.62;0.5555555555555556;5;0.01660895347595215;0.5
johnson8-2-4_ratio_39_0.5;29;58.62;0.5555555555555556;5;0.015365123748779297;0.5
johnson8-2-4_ratio_40_0.5;29;58.62;0.5555555555555556;5;0.01595902442932129;0.5
johnson8-2-4_ratio_41_0.5;29;58.62;0.5555555555555556;5;0.015015840530395508;0.5
johnson8-2-4_ratio_42_0.5;29;58.62;0.5555555555555556;5;0.013431072235107422;0.5
johnson8-2-4_ratio_43_0.5;29;58.62;0.5555555555555556;5;0.0151519775390625;0.5
johnson8-2-4_ratio_44_0.5;29;58.62;0.5555555555555556;5;0.016416072845458984;0.5
johnson8-2-4_ratio_45_0.5;29;58.62;0.5555555555555556;5;0.011044979095458984;0.5
johnson8-2-4_ratio_46_0.5;29;58.62;0.5555555555555556;5;0.009649991989135742;0.5
johnson8-2-4_ratio_47_0.5;29;58.62;0.5555555555555556;5;0.01082611083984375;0.5
johnson8-2-4_ratio_48_0.5;29;58.62;0.5555555555555556;5;0.009888887405395508;0.5
johnson8-2-4_ratio_49_0.5;29;58.62;0.5555555555555556;5;0.009699106216430664;0.5
johnson8-2-4_ratio_50_0.5;29;58.62;0.5555555555555556;5;0.010707855224609375;0.5
johnson8-2-4_ratio_51_0.5;29;58.62;0.5555555555555556;5;0.010597944259643555;0.5
johnson8-2-4_ratio_52_0.5;29;58.62;0.5555555555555556;5;0.014367103576660156;0.5
johnson8-2-4_ratio_53_0.5;29;58.62;0.5555555555555556;5;0.010272979736328125;0.5
johnson8-2-4_ratio_54_0.5;29;58.62;0.5555555555555556;5;0.009977102279663086;0.5
johnson8-2-4_ratio_55_0.5;29;58.62;0.5555555555555556;5;0.013882875442504883;0.5
johnson8-2-4_ratio_56_0.5;29;58.62;0.5555555555555556;5;0.013163089752197266;0.5
johnson8-2-4_ratio_57_0.5;29;58.62;0.5555555555555556;5;0.013413190841674805;0.5
johnson8-2-4_ratio_58_0.5;29;58.62;0.5555555555555556;5;0.015020132064819336;0.5
johnson8-2-4_ratio_59_0.5;29;58.62;0.5555555555555556;5;0.014145851135253906;0.5
johnson8-2-4_ratio_60_0.5;29;58.62;0.5555555555555556;5;0.01324605941772461;0.5
johnson8-2-4_ratio_61_0.5;29;58.62;0.5555555555555556;5;0.012778997421264648;0.5
johnson8-2-4_ratio_62_0.5;29;58.62;0.5555555555555556;5;0.011255025863647461;0.5
johnson8-2-4_ratio_63_0.5;29;58.62;0.5555555555555556;5;0.010267019271850586;0.5
johnson8-2-4_ratio_64_0.5;29;58.62;0.5555555555555556;5;0.010343790054321289;0.5
johnson8-2-4_ratio_65_0.5;29;58.62;0.5555555555555556;5;0.009455204010009766;0.5
johnson8-2-4_ratio_66_0.5;29;58.62;0.5555555555555556;5;0.010503768920898438;0.5
johnson8-2-4_ratio_67_0.5;29;58.62;0.5555555555555556;5;0.0106201171875;0.5
johnson8-2-4_ratio_68_0.5;29;58.62;0.5555555555555556;5;0.010680913925170898;0.5
johnson8-2-4_ratio_69_0.5;29;58.62;0.5555555555555556;5;0.009924888610839844;0.5
johnson8-2-4_ratio_70_0.5;29;58.62;0.5555555555555556;5;0.009678840637207031;0.5
johnson8-2-4_ratio_71_0.5;29;58.62;0.5555555555555556;5;0.010522127151489258;0.5
johnson8-2-4_ratio_72_0.5;29;58.62;0.5555555555555556;5;0.014729022979736328;0.5
johnson8-2-4_ratio_73_0.5;29;58.62;0.5555555555555556;5;0.015610218048095703;0.5
johnson8-2-4_ratio_74_0.5;29;58.62;0.5555555555555556;5;0.01498103141784668;0.5
johnson8-2-4_ratio_75_0.5;29;58.62;0.5555555555555556;5;0.014631271362304688;0.5
johnson8-2-4_ratio_76_0.5;29;58.62;0.5555555555555556;5;0.01553797721862793;0.5
johnson8-2-4_ratio_77_0.5;29;58.62;0.5555555555555556;5;0.01681208610534668;0.5
johnson8-2-4_ratio_78_0.5;29;58.62;0.5555555555555556;5;0.013808250427246094;0.5
johnson8-2-4_ratio_79_0.5;29;58.62;0.5555555555555556;5;0.01205301284790039;0.5
johnson8-2-4_ratio_80_0.5;29;58.62;0.5555555555555556;5;0.009685993194580078;0.5
johnson8-2-4_ratio_81_0.5;29;58.62;0.5555555555555556;5;0.009969949722290039;0.5
johnson8-2-4_ratio_82_0.5;29;58.62;0.5555555555555556;5;0.00999593734741211;0.5
johnson8-2-4_ratio_83_0.5;29;58.62;0.5555555555555556;5;0.01035618782043457;0.5
johnson8-2-4_ratio_84_0.5;29;58.62;0.5555555555555556;5;0.010281085968017578;0.5
johnson8-2-4_ratio_85_0.5;29;58.62;0.5555555555555556;5;0.010582685470581055;0.5
johnson8-2-4_ratio_86_0.5;29;58.62;0.5555555555555556;5;0.010518074035644531;0.5
johnson8-2-4_ratio_87_0.5;29;58.62;0.5555555555555556;5;0.00966191291809082;0.5
johnson8-2-4_ratio_88_0.5;29;58.62;0.5555555555555556;5;0.00983285903930664;0.5
johnson8-2-4_ratio_89_0.5;29;58.62;0.5555555555555556;5;0.010998964309692383;0.5
johnson8-2-4_ratio_90_0.5;29;58.62;0.5555555555555556;5;0.012315750122070312;0.5
johnson8-2-4_ratio_91_0.5;29;58.62;0.5555555555555556;5;0.014534950256347656;0.5
johnson8-2-4_ratio_92_0.5;29;58.62;0.5555555555555556;5;0.01609516143798828;0.5
johnson8-2-4_ratio_93_0.5;29;58.62;0.5555555555555556;5;0.01597309112548828;0.5
johnson8-2-4_ratio_94_0.5;29;58.62;0.5555555555555556;5;0.018162250518798828;0.5
johnson8-2-4_ratio_95_0.5;29;58.62;0.5555555555555556;5;0.013514995574951172;0.5
johnson8-2-4_ratio_96_0.5;29;58.62;0.5555555555555556;5;0.013821840286254883;0.5
johnson8-2-4_ratio_97_0.5;29;58.62;0.5555555555555556;5;0.011300086975097656;0.5
johnson8-2-4_ratio_98_0.5;29;58.62;0.5555555555555556;5;0.009978055953979492;0.5
johnson8-2-4_ratio_99_0.5;29;58.62;0.5555555555555556;5;0.010387897491455078;0.5
johnson8-2-4_ratio_100_0.5;29;58.62;0.5555555555555556;5;0.010931968688964844;0.5
johnson8-2-4_ratio_1_0.75;29;58.62;0.5555555555555556;5;0.010896921157836914;0.75
johnson8-2-4_ratio_2_0.75;29;58.62;0.5555555555555556;5;0.010406017303466797;0.75
johnson8-2-4_ratio_3_0.75;29;58.62;0.5555555555555556;5;0.011255025863647461;0.75
johnson8-2-4_ratio_4_0.75;29;58.62;0.5555555555555556;5;0.010123968124389648;0.75
johnson8-2-4_ratio_5_0.75;29;58.62;0.5555555555555556;5;0.011147022247314453;0.75
johnson8-2-4_ratio_6_0.75;29;58.62;0.5555555555555556;5;0.014095783233642578;0.75
johnson8-2-4_ratio_7_0.75;29;58.62;0.5555555555555556;5;0.012813091278076172;0.75
johnson8-2-4_ratio_8_0.75;29;58.62;0.5555555555555556;5;0.011673927307128906;0.75
johnson8-2-4_ratio_9_0.75;29;58.62;0.5555555555555556;5;0.014039993286132812;0.75
johnson8-2-4_ratio_10_0.75;29;58.62;0.5555555555555556;5;0.013868093490600586;0.75
johnson8-2-4_ratio_11_0.75;29;58.62;0.5555555555555556;5;0.014971017837524414;0.75
johnson8-2-4_ratio_12_0.75;29;58.62;0.5555555555555556;5;0.016631126403808594;0.75
johnson8-2-4_ratio_13_0.75;29;58.62;0.5555555555555556;5;0.010702848434448242;0.75
johnson8-2-4_ratio_14_0.75;29;58.62;0.5555555555555556;5;0.010362863540649414;0.75
johnson8-2-4_ratio_15_0.75;29;58.62;0.5555555555555556;5;0.010723114013671875;0.75
johnson8-2-4_ratio_16_0.75;29;58.62;0.5555555555555556;5;0.01045083999633789;0.75
johnson8-2-4_ratio_17_0.75;29;58.62;0.5555555555555556;5;0.01007390022277832;0.75
johnson8-2-4_ratio_18_0.75;29;58.62;0.5555555555555556;5;0.009762048721313477;0.75
johnson8-2-4_ratio_19_0.75;29;58.62;0.5555555555555556;5;0.009437322616577148;0.75
johnson8-2-4_ratio_20_0.75;29;58.62;0.5555555555555556;5;0.00927114486694336;0.75
johnson8-2-4_ratio_21_0.75;29;58.62;0.5555555555555556;5;0.010335922241210938;0.75
johnson8-2-4_ratio_22_0.75;29;58.62;0.5555555555555556;5;0.01294708251953125;0.75
johnson8-2-4_ratio_23_0.75;29;58.62;0.5555555555555556;5;0.00951385498046875;0.75
johnson8-2-4_ratio_24_0.75;29;58.62;0.5555555555555556;5;0.014244794845581055;0.75
johnson8-2-4_ratio_25_0.75;29;58.62;0.5555555555555556;5;0.012672185897827148;0.75
johnson8-2-4_ratio_26_0.75;29;58.62;0.5555555555555556;5;0.013860940933227539;0.75
johnson8-2-4_ratio_27_0.75;29;58.62;0.5555555555555556;5;0.01342916488647461;0.75
johnson8-2-4_ratio_28_0.75;29;58.62;0.5555555555555556;5;0.014035224914550781;0.75
johnson8-2-4_ratio_29_0.75;29;58.62;0.5555555555555556;5;0.0214540958404541;0.75
johnson8-2-4_ratio_30_0.75;29;58.62;0.5555555555555556;5;0.011489152908325195;0.75
johnson8-2-4_ratio_31_0.75;29;58.62;0.5555555555555556;5;0.014602899551391602;0.75
johnson8-2-4_ratio_32_0.75;29;58.62;0.5555555555555556;5;0.010145902633666992;0.75
johnson8-2-4_ratio_33_0.75;29;58.62;0.5555555555555556;5;0.01019906997680664;0.75
johnson8-2-4_ratio_34_0.75;29;58.62;0.5555555555555556;5;0.010101079940795898;0.75
johnson8-2-4_ratio_35_0.75;29;58.62;0.5555555555555556;5;0.009155988693237305;0.75
johnson8-2-4_ratio_36_0.75;29;58.62;0.5555555555555556;5;0.00995016098022461;0.75
johnson8-2-4_ratio_37_0.75;29;58.62;0.5555555555555556;5;0.01009821891784668;0.75
johnson8-2-4_ratio_38_0.75;29;58.62;0.5555555555555556;5;0.009186983108520508;0.75
johnson8-2-4_ratio_39_0.75;29;58.62;0.5555555555555556;5;0.012082099914550781;0.75
johnson8-2-4_ratio_40_0.75;29;58.62;0.5555555555555556;5;0.014216184616088867;0.75
johnson8-2-4_ratio_41_0.75;29;58.62;0.5555555555555556;5;0.012373924255371094;0.75
johnson8-2-4_ratio_42_0.75;29;58.62;0.5555555555555556;5;0.013571739196777344;0.75
johnson8-2-4_ratio_43_0.75;29;58.62;0.5555555555555556;5;0.013930082321166992;0.75
johnson8-2-4_ratio_44_0.75;29;58.62;0.5555555555555556;5;0.013427972793579102;0.75
johnson8-2-4_ratio_45_0.75;29;58.62;0.5555555555555556;5;0.012954235076904297;0.75
johnson8-2-4_ratio_46_0.75;29;58.62;0.5555555555555556;5;0.011906862258911133;0.75
johnson8-2-4_ratio_47_0.75;29;58.62;0.5555555555555556;5;0.010096311569213867;0.75
johnson8-2-4_ratio_48_0.75;29;58.62;0.5555555555555556;5;0.009922027587890625;0.75
johnson8-2-4_ratio_49_0.75;29;58.62;0.5555555555555556;5;0.009947061538696289;0.75
johnson8-2-4_ratio_50_0.75;29;58.62;0.5555555555555556;5;0.010823965072631836;0.75
johnson8-2-4_ratio_51_0.75;29;58.62;0.5555555555555556;5;0.010663986206054688;0.75
johnson8-2-4_ratio_52_0.75;29;58.62;0.5555555555555556;5;0.012212991714477539;0.75
johnson8-2-4_ratio_53_0.75;29;58.62;0.5555555555555556;5;0.011420011520385742;0.75
johnson8-2-4_ratio_54_0.75;29;58.62;0.5555555555555556;5;0.010952234268188477;0.75
johnson8-2-4_ratio_55_0.75;29;58.62;0.5555555555555556;5;0.010782957077026367;0.75
johnson8-2-4_ratio_56_0.75;29;58.62;0.5555555555555556;5;0.010373115539550781;0.75
johnson8-2-4_ratio_57_0.75;29;58.62;0.5555555555555556;5;0.015417814254760742;0.75
johnson8-2-4_ratio_58_0.75;29;58.62;0.5555555555555556;5;0.01420903205871582;0.75
johnson8-2-4_ratio_59_0.75;29;58.62;0.5555555555555556;5;0.01208186149597168;0.75
johnson8-2-4_ratio_60_0.75;29;58.62;0.5555555555555556;5;0.012777090072631836;0.75
johnson8-2-4_ratio_61_0.75;29;58.62;0.5555555555555556;5;0.012428998947143555;0.75
johnson8-2-4_ratio_62_0.75;29;58.62;0.5555555555555556;5;0.014551162719726562;0.75
johnson8-2-4_ratio_63_0.75;29;58.62;0.5555555555555556;5;0.013145685195922852;0.75
johnson8-2-4_ratio_64_0.75;29;58.62;0.5555555555555556;5;0.013156890869140625;0.75
johnson8-2-4_ratio_65_0.75;29;58.62;0.5555555555555556;5;0.010985851287841797;0.75
johnson8-2-4_ratio_66_0.75;29;58.62;0.5555555555555556;5;0.009180068969726562;0.75
johnson8-2-4_ratio_67_0.75;29;58.62;0.5555555555555556;5;0.012353897094726562;0.75
johnson8-2-4_ratio_68_0.75;29;58.62;0.5555555555555556;5;0.009752035140991211;0.75
johnson8-2-4_ratio_69_0.75;29;58.62;0.5555555555555556;5;0.010177850723266602;0.75
johnson8-2-4_ratio_70_0.75;29;58.62;0.5555555555555556;5;0.009315252304077148;0.75
johnson8-2-4_ratio_71_0.75;29;58.62;0.5555555555555556;5;0.009373903274536133;0.75
johnson8-2-4_ratio_72_0.75;29;58.62;0.5555555555555556;5;0.010480165481567383;0.75
johnson8-2-4_ratio_73_0.75;29;58.62;0.5555555555555556;5;0.012608051300048828;0.75
johnson8-2-4_ratio_74_0.75;29;58.62;0.5555555555555556;5;0.011259078979492188;0.75
johnson8-2-4_ratio_75_0.75;29;58.62;0.5555555555555556;5;0.011008739471435547;0.75
johnson8-2-4_ratio_76_0.75;29;58.62;0.5555555555555556;5;0.014523983001708984;0.75
johnson8-2-4_ratio_77_0.75;29;58.62;0.5555555555555556;5;0.013009786605834961;0.75
johnson8-2-4_ratio_78_0.75;29;58.62;0.5555555555555556;5;0.010714292526245117;0.75
johnson8-2-4_ratio_79_0.75;29;58.62;0.5555555555555556;5;0.014531135559082031;0.75
johnson8-2-4_ratio_80_0.75;29;58.62;0.5555555555555556;5;0.011425018310546875;0.75
johnson8-2-4_ratio_81_0.75;29;58.62;0.5555555555555556;5;0.011328935623168945;0.75
johnson8-2-4_ratio_82_0.75;29;58.62;0.5555555555555556;5;0.010191679000854492;0.75
johnson8-2-4_ratio_83_0.75;29;58.62;0.5555555555555556;5;0.00934910774230957;0.75
johnson8-2-4_ratio_84_0.75;29;58.62;0.5555555555555556;5;0.009964942932128906;0.75
johnson8-2-4_ratio_85_0.75;29;58.62;0.5555555555555556;5;0.009439945220947266;0.75
johnson8-2-4_ratio_86_0.75;29;58.62;0.5555555555555556;5;0.009959936141967773;0.75
johnson8-2-4_ratio_87_0.75;29;58.62;0.5555555555555556;5;0.009754657745361328;0.75
johnson8-2-4_ratio_88_0.75;29;58.62;0.5555555555555556;5;0.009908199310302734;0.75
johnson8-2-4_ratio_89_0.75;29;58.62;0.5555555555555556;5;0.00988912582397461;0.75
johnson8-2-4_ratio_90_0.75;29;58.62;0.5555555555555556;5;0.009242057800292969;0.75
johnson8-2-4_ratio_91_0.75;29;58.62;0.5555555555555556;5;0.010149955749511719;0.75
johnson8-2-4_ratio_92_0.75;29;58.62;0.5555555555555556;5;0.01358795166015625;0.75
johnson8-2-4_ratio_93_0.75;29;58.62;0.5555555555555556;5;0.012994766235351562;0.75
johnson8-2-4_ratio_94_0.75;29;58.62;0.5555555555555556;5;0.013125181198120117;0.75
johnson8-2-4_ratio_95_0.75;29;58.62;0.5555555555555556;5;0.016204118728637695;0.75
johnson8-2-4_ratio_96_0.75;29;58.62;0.5555555555555556;5;0.013594865798950195;0.75
johnson8-2-4_ratio_97_0.75;29;58.62;0.5555555555555556;5;0.015233993530273438;0.75
johnson8-2-4_ratio_98_0.75;29;58.62;0.5555555555555556;5;0.013438224792480469;0.75
johnson8-2-4_ratio_99_0.75;29;58.62;0.5555555555555556;5;0.013521909713745117;0.75
johnson8-2-4_ratio_100_0.75;29;58.62;0.5555555555555556;5;0.009189128875732422;0.75
johnson8-2-4_ratio_1_0.7297096980959756;29;58.62;0.5555555555555556;5;0.00914311408996582;0.7297096980959756
johnson8-2-4_ratio_2_0.7297096980959756;29;58.62;0.5555555555555556;5;0.009431123733520508;0.7297096980959756
johnson8-2-4_ratio_3_0.7297096980959756;29;58.62;0.5555555555555556;5;0.010308980941772461;0.7297096980959756
johnson8-2-4_ratio_4_0.7297096980959756;29;58.62;0.5555555555555556;5;0.011810064315795898;0.7297096980959756
johnson8-2-4_ratio_5_0.7297096980959756;29;58.62;0.5555555555555556;5;0.010179758071899414;0.7297096980959756
johnson8-2-4_ratio_6_0.7297096980959756;29;58.62;0.5555555555555556;5;0.009440898895263672;0.7297096980959756
johnson8-2-4_ratio_7_0.7297096980959756;29;58.62;0.5555555555555556;5;0.010296821594238281;0.7297096980959756
johnson8-2-4_ratio_8_0.7297096980959756;29;58.62;0.5555555555555556;5;0.01014399528503418;0.7297096980959756
johnson8-2-4_ratio_9_0.7297096980959756;29;58.62;0.5555555555555556;5;0.012202024459838867;0.7297096980959756
johnson8-2-4_ratio_10_0.7297096980959756;29;58.62;0.5555555555555556;5;0.01390695571899414;0.7297096980959756
johnson8-2-4_ratio_11_0.7297096980959756;29;58.62;0.5555555555555556;5;0.017546892166137695;0.7297096980959756
johnson8-2-4_ratio_12_0.7297096980959756;29;58.62;0.5555555555555556;5;0.012665033340454102;0.7297096980959756
johnson8-2-4_ratio_13_0.7297096980959756;29;58.62;0.5555555555555556;5;0.012970924377441406;0.7297096980959756
johnson8-2-4_ratio_14_0.7297096980959756;29;58.62;0.5555555555555556;5;0.012557029724121094;0.7297096980959756
johnson8-2-4_ratio_15_0.7297096980959756;29;58.62;0.5555555555555556;5;0.013447284698486328;0.7297096980959756
johnson8-2-4_ratio_16_0.7297096980959756;29;58.62;0.5555555555555556;5;0.011322021484375;0.7297096980959756
johnson8-2-4_ratio_17_0.7297096980959756;29;58.62;0.5555555555555556;5;0.010293006896972656;0.7297096980959756
johnson8-2-4_ratio_18_0.7297096980959756;29;58.62;0.5555555555555556;5;0.009138822555541992;0.7297096980959756
johnson8-2-4_ratio_19_0.7297096980959756;29;58.62;0.5555555555555556;5;0.009435176849365234;0.7297096980959756
johnson8-2-4_ratio_20_0.7297096980959756;29;58.62;0.5555555555555556;5;0.009754180908203125;0.7297096980959756
johnson8-2-4_ratio_21_0.7297096980959756;29;58.62;0.5555555555555556;5;0.009797811508178711;0.7297096980959756
johnson8-2-4_ratio_22_0.7297096980959756;29;58.62;0.5555555555555556;5;0.009936094284057617;0.7297096980959756
johnson8-2-4_ratio_23_0.7297096980959756;29;58.62;0.5555555555555556;5;0.009354829788208008;0.7297096980959756
johnson8-2-4_ratio_24_0.7297096980959756;29;58.62;0.5555555555555556;5;0.010258913040161133;0.7297096980959756
johnson8-2-4_ratio_25_0.7297096980959756;29;58.62;0.5555555555555556;5;0.010373115539550781;0.7297096980959756
johnson8-2-4_ratio_26_0.7297096980959756;29;58.62;0.5555555555555556;5;0.009428024291992188;0.7297096980959756
johnson8-2-4_ratio_27_0.7297096980959756;29;58.62;0.5555555555555556;5;0.01252603530883789;0.7297096980959756
johnson8-2-4_ratio_28_0.7297096980959756;29;58.62;0.5555555555555556;5;0.011569976806640625;0.7297096980959756
johnson8-2-4_ratio_29_0.7297096980959756;29;58.62;0.5555555555555556;5;0.010762214660644531;0.7297096980959756
johnson8-2-4_ratio_30_0.7297096980959756;29;58.62;0.5555555555555556;5;0.01081395149230957;0.7297096980959756
johnson8-2-4_ratio_31_0.7297096980959756;29;58.62;0.5555555555555556;5;0.012041091918945312;0.7297096980959756
johnson8-2-4_ratio_32_0.7297096980959756;29;58.62;0.5555555555555556;5;0.011774063110351562;0.7297096980959756
johnson8-2-4_ratio_33_0.7297096980959756;29;58.62;0.5555555555555556;5;0.012984991073608398;0.7297096980959756
johnson8-2-4_ratio_34_0.7297096980959756;29;58.62;0.5555555555555556;5;0.013532876968383789;0.7297096980959756
johnson8-2-4_ratio_35_0.7297096980959756;29;58.62;0.5555555555555556;5;0.010357141494750977;0.7297096980959756
johnson8-2-4_ratio_36_0.7297096980959756;29;58.62;0.5555555555555556;5;0.010050058364868164;0.7297096980959756
johnson8-2-4_ratio_37_0.7297096980959756;29;58.62;0.5555555555555556;5;0.011670112609863281;0.7297096980959756
johnson8-2-4_ratio_38_0.7297096980959756;29;58.62;0.5555555555555556;5;0.00957179069519043;0.7297096980959756
johnson8-2-4_ratio_39_0.7297096980959756;29;58.62;0.5555555555555556;5;0.010310888290405273;0.7297096980959756
johnson8-2-4_ratio_40_0.7297096980959756;29;58.62;0.5555555555555556;5;0.010524988174438477;0.7297096980959756
johnson8-2-4_ratio_41_0.7297096980959756;29;58.62;0.5555555555555556;5;0.010387182235717773;0.7297096980959756
johnson8-2-4_ratio_42_0.7297096980959756;29;58.62;0.5555555555555556;5;0.009914875030517578;0.7297096980959756
johnson8-2-4_ratio_43_0.7297096980959756;29;58.62;0.5555555555555556;5;0.01165318489074707;0.7297096980959756
johnson8-2-4_ratio_44_0.7297096980959756;29;58.62;0.5555555555555556;5;0.009212255477905273;0.7297096980959756
johnson8-2-4_ratio_45_0.7297096980959756;29;58.62;0.5555555555555556;5;0.014576196670532227;0.7297096980959756
johnson8-2-4_ratio_46_0.7297096980959756;29;58.62;0.5555555555555556;5;0.01593017578125;0.7297096980959756
johnson8-2-4_ratio_47_0.7297096980959756;29;58.62;0.5555555555555556;5;0.013442277908325195;0.7297096980959756
johnson8-2-4_ratio_48_0.7297096980959756;29;58.62;0.5555555555555556;5;0.013244867324829102;0.7297096980959756
johnson8-2-4_ratio_49_0.7297096980959756;29;58.62;0.5555555555555556;5;0.01328587532043457;0.7297096980959756
johnson8-2-4_ratio_50_0.7297096980959756;29;58.62;0.5555555555555556;5;0.011723756790161133;0.7297096980959756
johnson8-2-4_ratio_51_0.7297096980959756;29;58.62;0.5555555555555556;5;0.01168203353881836;0.7297096980959756
johnson8-2-4_ratio_52_0.7297096980959756;29;58.62;0.5555555555555556;5;0.013548135757446289;0.7297096980959756
johnson8-2-4_ratio_53_0.7297096980959756;29;58.62;0.5555555555555556;5;0.010612964630126953;0.7297096980959756
johnson8-2-4_ratio_54_0.7297096980959756;29;58.62;0.5555555555555556;5;0.011329889297485352;0.7297096980959756
johnson8-2-4_ratio_55_0.7297096980959756;29;58.62;0.5555555555555556;5;0.00987696647644043;0.7297096980959756
johnson8-2-4_ratio_56_0.7297096980959756;29;58.62;0.5555555555555556;5;0.009289979934692383;0.7297096980959756
johnson8-2-4_ratio_57_0.7297096980959756;29;58.62;0.5555555555555556;5;0.010364770889282227;0.7297096980959756
johnson8-2-4_ratio_58_0.7297096980959756;29;58.62;0.5555555555555556;5;0.0093231201171875;0.7297096980959756
johnson8-2-4_ratio_59_0.7297096980959756;29;58.62;0.5555555555555556;5;0.01173710823059082;0.7297096980959756
johnson8-2-4_ratio_60_0.7297096980959756;29;58.62;0.5555555555555556;5;0.010889053344726562;0.7297096980959756
johnson8-2-4_ratio_61_0.7297096980959756;29;58.62;0.5555555555555556;5;0.009869098663330078;0.7297096980959756
johnson8-2-4_ratio_62_0.7297096980959756;29;58.62;0.5555555555555556;5;0.01248621940612793;0.7297096980959756
johnson8-2-4_ratio_63_0.7297096980959756;29;58.62;0.5555555555555556;5;0.010434865951538086;0.7297096980959756
johnson8-2-4_ratio_64_0.7297096980959756;29;58.62;0.5555555555555556;5;0.011665821075439453;0.7297096980959756
johnson8-2-4_ratio_65_0.7297096980959756;29;58.62;0.5555555555555556;5;0.014091968536376953;0.7297096980959756
johnson8-2-4_ratio_66_0.7297096980959756;29;58.62;0.5555555555555556;5;0.01349782943725586;0.7297096980959756
johnson8-2-4_ratio_67_0.7297096980959756;29;58.62;0.5555555555555556;5;0.013568639755249023;0.7297096980959756
johnson8-2-4_ratio_68_0.7297096980959756;29;58.62;0.5555555555555556;5;0.014456987380981445;0.7297096980959756
johnson8-2-4_ratio_69_0.7297096980959756;29;58.62;0.5555555555555556;5;0.01211690902709961;0.7297096980959756
johnson8-2-4_ratio_70_0.7297096980959756;29;58.62;0.5555555555555556;5;0.01064300537109375;0.7297096980959756
johnson8-2-4_ratio_71_0.7297096980959756;29;58.62;0.5555555555555556;5;0.009256124496459961;0.7297096980959756
johnson8-2-4_ratio_72_0.7297096980959756;29;58.62;0.5555555555555556;5;0.010568857192993164;0.7297096980959756
johnson8-2-4_ratio_73_0.7297096980959756;29;58.62;0.5555555555555556;5;0.010281085968017578;0.7297096980959756
johnson8-2-4_ratio_74_0.7297096980959756;29;58.62;0.5555555555555556;5;0.009273767471313477;0.7297096980959756
johnson8-2-4_ratio_75_0.7297096980959756;29;58.62;0.5555555555555556;5;0.010276079177856445;0.7297096980959756
johnson8-2-4_ratio_76_0.7297096980959756;29;58.62;0.5555555555555556;5;0.00930476188659668;0.7297096980959756
johnson8-2-4_ratio_77_0.7297096980959756;29;58.62;0.5555555555555556;5;0.010589122772216797;0.7297096980959756
johnson8-2-4_ratio_78_0.7297096980959756;29;58.62;0.5555555555555556;5;0.009874820709228516;0.7297096980959756
johnson8-2-4_ratio_79_0.7297096980959756;29;58.62;0.5555555555555556;5;0.011276960372924805;0.7297096980959756
johnson8-2-4_ratio_80_0.7297096980959756;29;58.62;0.5555555555555556;5;0.010744094848632812;0.7297096980959756
johnson8-2-4_ratio_81_0.7297096980959756;29;58.62;0.5555555555555556;5;0.00980997085571289;0.7297096980959756
johnson8-2-4_ratio_82_0.7297096980959756;29;58.62;0.5555555555555556;5;0.014248371124267578;0.7297096980959756
johnson8-2-4_ratio_83_0.7297096980959756;29;58.62;0.5555555555555556;5;0.011770009994506836;0.7297096980959756
johnson8-2-4_ratio_84_0.7297096980959756;29;58.62;0.5555555555555556;5;0.01293182373046875;0.7297096980959756
johnson8-2-4_ratio_85_0.7297096980959756;29;58.62;0.5555555555555556;5;0.013563156127929688;0.7297096980959756
johnson8-2-4_ratio_86_0.7297096980959756;29;58.62;0.5555555555555556;5;0.01409602165222168;0.7297096980959756
johnson8-2-4_ratio_87_0.7297096980959756;29;58.62;0.5555555555555556;5;0.010316133499145508;0.7297096980959756
johnson8-2-4_ratio_88_0.7297096980959756;29;58.62;0.5555555555555556;5;0.009955883026123047;0.7297096980959756
johnson8-2-4_ratio_89_0.7297096980959756;29;58.62;0.5555555555555556;5;0.011701107025146484;0.7297096980959756
johnson8-2-4_ratio_90_0.7297096980959756;29;58.62;0.5555555555555556;5;0.010040044784545898;0.7297096980959756
johnson8-2-4_ratio_91_0.7297096980959756;29;58.62;0.5555555555555556;5;0.010560035705566406;0.7297096980959756
johnson8-2-4_ratio_92_0.7297096980959756;29;58.62;0.5555555555555556;5;0.009326696395874023;0.7297096980959756
johnson8-2-4_ratio_93_0.7297096980959756;29;58.62;0.5555555555555556;5;0.009222984313964844;0.7297096980959756
johnson8-2-4_ratio_94_0.7297096980959756;29;58.62;0.5555555555555556;5;0.010525941848754883;0.7297096980959756
johnson8-2-4_ratio_95_0.7297096980959756;29;58.62;0.5555555555555556;5;0.009735107421875;0.7297096980959756
johnson8-2-4_ratio_96_0.7297096980959756;29;58.62;0.5555555555555556;5;0.010086774826049805;0.7297096980959756
johnson8-2-4_ratio_97_0.7297096980959756;29;58.62;0.5555555555555556;5;0.011194229125976562;0.7297096980959756
johnson8-2-4_ratio_98_0.7297096980959756;29;58.62;0.5555555555555556;5;0.01415395736694336;0.7297096980959756
johnson8-2-4_ratio_99_0.7297096980959756;29;58.62;0.5555555555555556;5;0.013093233108520508;0.7297096980959756
johnson8-2-4_ratio_100_0.7297096980959756;29;58.62;0.5555555555555556;5;0.01353597640991211;0.7297096980959756
