;|V|;D(%);Æ’;c;t(sec);Î±
p_hat500-1_adjacent_1_0.25;501;25.6;1.497797356828194;3;0.004458904266357422;0.25
p_hat500-1_adjacent_2_0.25;501;25.6;0.48795406316315065;15;0.38053393363952637;0.25
p_hat500-1_adjacent_3_0.25;501;25.6;0.5475887787100602;17;0.7423369884490967;0.25
p_hat500-1_adjacent_4_0.25;501;25.6;1.188824662813102;2;0.0034580230712890625;0.25
p_hat500-1_adjacent_5_0.25;501;25.6;0.4204576043068641;12;0.24509692192077637;0.25
p_hat500-1_adjacent_6_0.25;501;25.6;0.39573030997467135;12;0.24142217636108398;0.25
p_hat500-1_adjacent_7_0.25;501;25.6;2.0836165873555403;4;0.007383823394775391;0.25
p_hat500-1_adjacent_8_0.25;501;25.6;0.6238994556085758;24;1.1034507751464844;0.25
p_hat500-1_adjacent_9_0.25;501;25.6;2.9172413793103447;2;0.0026519298553466797;0.25
p_hat500-1_adjacent_10_0.25;501;25.6;0.5063808065339459;14;0.37459826469421387;0.25
p_hat500-1_adjacent_11_0.25;501;25.6;4.004405286343612;2;0.002705812454223633;0.25
p_hat500-1_adjacent_12_0.25;501;25.6;1.6729411764705882;2;0.002618074417114258;0.25
p_hat500-1_adjacent_13_0.25;501;25.6;0.8187650360866079;4;0.014219999313354492;0.25
p_hat500-1_adjacent_14_0.25;501;25.6;0.675343667739105;11;0.06904220581054688;0.25
p_hat500-1_adjacent_15_0.25;501;25.6;1.4642082429501084;2;0.004374027252197266;0.25
p_hat500-1_adjacent_16_0.25;501;25.6;2.824620573355818;2;0.002710103988647461;0.25
p_hat500-1_adjacent_17_0.25;501;25.6;0.6985763377515954;7;0.020797252655029297;0.25
p_hat500-1_adjacent_18_0.25;501;25.6;3.7333333333333334;2;0.002650022506713867;0.25
p_hat500-1_adjacent_19_0.25;501;25.6;0.4270983707981027;14;0.3975188732147217;0.25
p_hat500-1_adjacent_20_0.25;501;25.6;1.1762452107279693;2;0.0029191970825195312;0.25
p_hat500-1_adjacent_21_0.25;501;25.6;0.5518998658918194;18;0.9556128978729248;0.25
p_hat500-1_adjacent_22_0.25;501;25.6;15.0;2;0.0027790069580078125;0.25
p_hat500-1_adjacent_23_0.25;501;25.6;1.0213523131672597;2;0.0026628971099853516;0.25
p_hat500-1_adjacent_24_0.25;501;25.6;1.8979591836734695;2;0.0027070045471191406;0.25
p_hat500-1_adjacent_25_0.25;501;25.6;0.45612582781456956;12;0.31722426414489746;0.25
p_hat500-1_adjacent_26_0.25;501;25.6;2.7740863787375414;2;0.0026979446411132812;0.25
p_hat500-1_adjacent_27_0.25;501;25.6;2.664516129032258;2;0.002768278121948242;0.25
p_hat500-1_adjacent_28_0.25;501;25.6;0.5904102650683775;22;0.7375390529632568;0.25
p_hat500-1_adjacent_29_0.25;501;25.6;2.992957746478873;3;0.0067310333251953125;0.25
p_hat500-1_adjacent_30_0.25;501;25.6;0.9620034542314335;2;0.0037631988525390625;0.25
p_hat500-1_adjacent_31_0.25;501;25.6;0.8501628664495114;2;0.00739598274230957;0.25
p_hat500-1_adjacent_32_0.25;501;25.6;1.6635349383440987;4;0.010015010833740234;0.25
p_hat500-1_adjacent_33_0.25;501;25.6;1.056554502723271;27;1.7079689502716064;0.25
p_hat500-1_adjacent_34_0.25;501;25.6;0.5247557003257329;21;0.7739613056182861;0.25
p_hat500-1_adjacent_35_0.25;501;25.6;0.39957635278259196;20;0.8013880252838135;0.25
p_hat500-1_adjacent_36_0.25;501;25.6;0.6122020501420279;16;0.6671171188354492;0.25
p_hat500-1_adjacent_37_0.25;501;25.6;0.4355659469123917;11;0.17355608940124512;0.25
p_hat500-1_adjacent_38_0.25;501;25.6;0.8807909604519774;23;1.2333331108093262;0.25
p_hat500-1_adjacent_39_0.25;501;25.6;13.2;2;0.0025908946990966797;0.25
p_hat500-1_adjacent_40_0.25;501;25.6;0.4604554145663132;11;0.3022799491882324;0.25
p_hat500-1_adjacent_41_0.25;501;25.6;1.0177619893428065;2;0.002783060073852539;0.25
p_hat500-1_adjacent_42_0.25;501;25.6;0.5076260541898439;11;0.27808475494384766;0.25
p_hat500-1_adjacent_43_0.25;501;25.6;0.36056770233985425;17;0.8097319602966309;0.25
p_hat500-1_adjacent_44_0.25;501;25.6;0.2967032967032967;2;0.07921481132507324;0.25
p_hat500-1_adjacent_45_0.25;501;25.6;0.6675783386731265;26;1.071770191192627;0.25
p_hat500-1_adjacent_46_0.25;501;25.6;2.0869565217391304;2;0.0026617050170898438;0.25
p_hat500-1_adjacent_47_0.25;501;25.6;0.4198927933293627;15;0.4069199562072754;0.25
p_hat500-1_adjacent_48_0.25;501;25.6;5.941896024464832;3;0.005231142044067383;0.25
p_hat500-1_adjacent_49_0.25;501;25.6;0.5992726446187067;16;0.4191868305206299;0.25
p_hat500-1_adjacent_50_0.25;501;25.6;1.9816272965879265;2;0.002679109573364258;0.25
p_hat500-1_adjacent_51_0.25;501;25.6;1.9430051813471503;2;0.0029549598693847656;0.25
p_hat500-1_adjacent_52_0.25;501;25.6;0.6933059028327268;31;2.013235092163086;0.25
p_hat500-1_adjacent_53_0.25;501;25.6;1.5244444444444445;2;0.003545999526977539;0.25
p_hat500-1_adjacent_54_0.25;501;25.6;0.8176;2;0.002567768096923828;0.25
p_hat500-1_adjacent_55_0.25;501;25.6;0.43009449963653984;14;0.3511819839477539;0.25
p_hat500-1_adjacent_56_0.25;501;25.6;0.3813883416386603;15;0.36631321907043457;0.25
p_hat500-1_adjacent_57_0.25;501;25.6;1.2903225806451613;2;0.004763126373291016;0.25
p_hat500-1_adjacent_58_0.25;501;25.6;1.197312745898597;27;0.28183484077453613;0.25
p_hat500-1_adjacent_59_0.25;501;25.6;2.013262599469496;2;0.003523111343383789;0.25
p_hat500-1_adjacent_60_0.25;501;25.6;1.231827111984283;2;0.0026559829711914062;0.25
p_hat500-1_adjacent_61_0.25;501;25.6;5.042553191489362;2;0.0026350021362304688;0.25
p_hat500-1_adjacent_62_0.25;501;25.6;2.5389408099688473;2;0.002749919891357422;0.25
p_hat500-1_adjacent_63_0.25;501;25.6;0.47476261869065467;14;0.2951328754425049;0.25
p_hat500-1_adjacent_64_0.25;501;25.6;2.9443478260869567;2;0.0029761791229248047;0.25
p_hat500-1_adjacent_65_0.25;501;25.6;2.3411764705882354;2;0.0029659271240234375;0.25
p_hat500-1_adjacent_66_0.25;501;25.6;0.49604221635883905;1;0.00013518333435058594;0.25
p_hat500-1_adjacent_67_0.25;501;25.6;0.7567776917118513;4;0.009209871292114258;0.25
p_hat500-1_adjacent_68_0.25;501;25.6;0.871499176276771;2;0.002660989761352539;0.25
p_hat500-1_adjacent_69_0.25;501;25.6;0.5180327868852459;12;0.30660390853881836;0.25
p_hat500-1_adjacent_70_0.25;501;25.6;6.376623376623376;2;0.0026581287384033203;0.25
p_hat500-1_adjacent_71_0.25;501;25.6;2.930795847750865;2;0.0027418136596679688;0.25
p_hat500-1_adjacent_72_0.25;501;25.6;0.33884297520661155;1;0.0001361370086669922;0.25
p_hat500-1_adjacent_73_0.25;501;25.6;0.4953391192542591;5;0.011924266815185547;0.25
p_hat500-1_adjacent_74_0.25;501;25.6;0.48841386743308784;10;0.1656661033630371;0.25
p_hat500-1_adjacent_75_0.25;501;25.6;0.6207176866798281;15;0.47483015060424805;0.25
p_hat500-1_adjacent_76_0.25;501;25.6;1.3765690376569037;2;0.0027141571044921875;0.25
p_hat500-1_adjacent_77_0.25;501;25.6;0.3869828912827012;18;0.33551907539367676;0.25
p_hat500-1_adjacent_78_0.25;501;25.6;0.5172782329889561;12;0.3079092502593994;0.25
p_hat500-1_adjacent_79_0.25;501;25.6;0.46026860660324564;22;0.790956974029541;0.25
p_hat500-1_adjacent_80_0.25;501;25.6;0.3924071756362119;21;0.7996799945831299;0.25
p_hat500-1_adjacent_81_0.25;501;25.6;0.486463133640553;10;0.13640809059143066;0.25
p_hat500-1_adjacent_82_0.25;501;25.6;0.42449799196787147;17;0.6224319934844971;0.25
p_hat500-1_adjacent_83_0.25;501;25.6;1.9492847854356308;4;0.0071659088134765625;0.25
p_hat500-1_adjacent_84_0.25;501;25.6;0.6271186440677966;17;0.6498322486877441;0.25
p_hat500-1_adjacent_85_0.25;501;25.6;0.5398105927744651;17;0.7114779949188232;0.25
p_hat500-1_adjacent_86_0.25;501;25.6;0.41725818865988196;20;0.5270102024078369;0.25
p_hat500-1_adjacent_87_0.25;501;25.6;2.51702786377709;2;0.002665996551513672;0.25
p_hat500-1_adjacent_88_0.25;501;25.6;0.44692326550625155;21;0.8564231395721436;0.25
p_hat500-1_adjacent_89_0.25;501;25.6;3.1161524500907443;6;0.017232894897460938;0.25
p_hat500-1_adjacent_90_0.25;501;25.6;5.926829268292683;2;0.0026559829711914062;0.25
p_hat500-1_adjacent_91_0.25;501;25.6;0.4185197477597079;14;0.29070210456848145;0.25
p_hat500-1_adjacent_92_0.25;501;25.6;0.44393463736617567;23;0.8097326755523682;0.25
p_hat500-1_adjacent_93_0.25;501;25.6;0.4536290322580645;19;0.6875419616699219;0.25
p_hat500-1_adjacent_94_0.25;501;25.6;0.681243223707987;35;2.372910976409912;0.25
p_hat500-1_adjacent_95_0.25;501;25.6;2.015957446808511;1;0.00016999244689941406;0.25
p_hat500-1_adjacent_96_0.25;501;25.6;0.4722323049001815;17;0.5725650787353516;0.25
p_hat500-1_adjacent_97_0.25;501;25.6;5.491428571428571;2;0.0026328563690185547;0.25
p_hat500-1_adjacent_98_0.25;501;25.6;0.5728155339805825;1;0.0001270771026611328;0.25
p_hat500-1_adjacent_99_0.25;501;25.6;0.38461538461538464;4;0.366436243057251;0.25
p_hat500-1_adjacent_100_0.25;501;25.6;0.9299533022014677;6;0.02575397491455078;0.25
p_hat500-1_adjacent_1_0.5;501;25.6;17.322580645161292;2;0.00390934944152832;0.5
p_hat500-1_adjacent_2_0.5;501;25.6;7.4148148148148145;2;0.004650115966796875;0.5
p_hat500-1_adjacent_3_0.5;501;25.6;0.8431531897602601;4;0.010293245315551758;0.5
p_hat500-1_adjacent_4_0.5;501;25.6;0.5728155339805825;1;0.00034117698669433594;0.5
p_hat500-1_adjacent_5_0.5;501;25.6;0.6848508131642976;25;1.2102699279785156;0.5
p_hat500-1_adjacent_6_0.5;501;25.6;1.0070671378091873;2;0.002840757369995117;0.5
p_hat500-1_adjacent_7_0.5;501;25.6;1.1515151515151516;2;0.0028772354125976562;0.5
p_hat500-1_adjacent_8_0.5;501;25.6;3.0070671378091873;2;0.00457310676574707;0.5
p_hat500-1_adjacent_9_0.5;501;25.6;1.6108979278587874;3;0.006967067718505859;0.5
p_hat500-1_adjacent_10_0.5;501;25.6;1.0177935943060499;1;0.00013899803161621094;0.5
p_hat500-1_adjacent_11_0.5;501;25.6;1.502202643171806;2;0.0044708251953125;0.5
p_hat500-1_adjacent_12_0.5;501;25.6;0.4352379964741263;14;0.3624603748321533;0.5
p_hat500-1_adjacent_13_0.5;501;25.6;0.47263071895424835;19;0.7225339412689209;0.5
p_hat500-1_adjacent_14_0.5;501;25.6;0.3611625865600312;15;0.39344263076782227;0.5
p_hat500-1_adjacent_15_0.5;501;25.6;1.4118895966029723;2;0.0027070045471191406;0.5
p_hat500-1_adjacent_16_0.5;501;25.6;9.616822429906541;2;0.0027132034301757812;0.5
p_hat500-1_adjacent_17_0.5;501;25.6;1.705726405090138;9;0.024373292922973633;0.5
p_hat500-1_adjacent_18_0.5;501;25.6;0.7664233576642335;19;0.9529538154602051;0.5
p_hat500-1_adjacent_19_0.5;501;25.6;0.4441022894631142;14;0.511415958404541;0.5
p_hat500-1_adjacent_20_0.5;501;25.6;0.8745874587458746;2;0.0028400421142578125;0.5
p_hat500-1_adjacent_21_0.5;501;25.6;0.5049365303244006;13;0.2715260982513428;0.5
p_hat500-1_adjacent_22_0.5;501;25.6;0.4192740926157697;1;0.00019407272338867188;0.5
p_hat500-1_adjacent_23_0.5;501;25.6;0.3439022060930188;16;0.46919894218444824;0.5
p_hat500-1_adjacent_24_0.5;501;25.6;0.5352877307274702;20;0.9039449691772461;0.5
p_hat500-1_adjacent_25_0.5;501;25.6;2.1731843575418996;2;0.004393100738525391;0.5
p_hat500-1_adjacent_26_0.5;501;25.6;23.170212765957448;2;0.002699136734008789;0.5
p_hat500-1_adjacent_27_0.5;501;25.6;0.48384663733500943;14;0.34444499015808105;0.5
p_hat500-1_adjacent_28_0.5;501;25.6;0.5843651022171034;23;0.8937599658966064;0.5
p_hat500-1_adjacent_29_0.5;501;25.6;0.2334975369458128;3;0.13051509857177734;0.5
p_hat500-1_adjacent_30_0.5;501;25.6;4.461538461538462;2;0.002686023712158203;0.5
p_hat500-1_adjacent_31_0.5;501;25.6;0.35381003619289836;14;0.33511900901794434;0.5
p_hat500-1_adjacent_32_0.5;501;25.6;0.6497457400303328;19;0.5446579456329346;0.5
p_hat500-1_adjacent_33_0.5;501;25.6;0.43823365008384574;19;0.9150140285491943;0.5
p_hat500-1_adjacent_34_0.5;501;25.6;5.604651162790698;2;0.0031332969665527344;0.5
p_hat500-1_adjacent_35_0.5;501;25.6;0.5794530672579453;14;0.33690786361694336;0.5
p_hat500-1_adjacent_36_0.5;501;25.6;0.29896907216494845;1;0.0001690387725830078;0.5
p_hat500-1_adjacent_37_0.5;501;25.6;0.4591455827457486;20;0.6570289134979248;0.5
p_hat500-1_adjacent_38_0.5;501;25.6;0.8743801652892562;1;0.00016427040100097656;0.5
p_hat500-1_adjacent_39_0.5;501;25.6;1.9203084832904884;2;0.002810955047607422;0.5
p_hat500-1_adjacent_40_0.5;501;25.6;1.9354005167958657;2;0.0026781558990478516;0.5
p_hat500-1_adjacent_41_0.5;501;25.6;0.8931552587646077;4;0.005727291107177734;0.5
p_hat500-1_adjacent_42_0.5;501;25.6;0.36948781155847715;16;0.339249849319458;0.5
p_hat500-1_adjacent_43_0.5;501;25.6;0.5897979139504563;19;0.8650927543640137;0.5
p_hat500-1_adjacent_44_0.5;501;25.6;6.56;1;0.00013780593872070312;0.5
p_hat500-1_adjacent_45_0.5;501;25.6;45.285714285714285;2;0.002669095993041992;0.5
p_hat500-1_adjacent_46_0.5;501;25.6;13.564102564102564;2;0.0025970935821533203;0.5
p_hat500-1_adjacent_47_0.5;501;25.6;0.32370082564351627;15;0.2858860492706299;0.5
p_hat500-1_adjacent_48_0.5;501;25.6;0.8260869565217391;5;0.008263826370239258;0.5
p_hat500-1_adjacent_49_0.5;501;25.6;12.853658536585366;2;0.0026509761810302734;0.5
p_hat500-1_adjacent_50_0.5;501;25.6;0.4731993299832496;16;0.4444108009338379;0.5
p_hat500-1_adjacent_51_0.5;501;25.6;1.0922509225092252;8;0.05275583267211914;0.5
p_hat500-1_adjacent_52_0.5;501;25.6;1.8910133843212238;16;0.06890296936035156;0.5
p_hat500-1_adjacent_53_0.5;501;25.6;0.4089863517865358;18;0.6100747585296631;0.5
p_hat500-1_adjacent_54_0.5;501;25.6;4.166132135984605;8;0.01104426383972168;0.5
p_hat500-1_adjacent_55_0.5;501;25.6;0.19242902208201892;1;0.00016427040100097656;0.5
p_hat500-1_adjacent_56_0.5;501;25.6;0.5384615384615384;14;0.3662269115447998;0.5
p_hat500-1_adjacent_57_0.5;501;25.6;1.89058524173028;2;0.00272369384765625;0.5
p_hat500-1_adjacent_58_0.5;501;25.6;2.2457142857142856;2;0.0033690929412841797;0.5
p_hat500-1_adjacent_59_0.5;501;25.6;1.6666666666666667;2;0.0026869773864746094;0.5
p_hat500-1_adjacent_60_0.5;501;25.6;2.021276595744681;2;0.003526926040649414;0.5
p_hat500-1_adjacent_61_0.5;501;25.6;0.7170418006430869;22;0.6606700420379639;0.5
p_hat500-1_adjacent_62_0.5;501;25.6;3.176470588235294;2;0.002669095993041992;0.5
p_hat500-1_adjacent_63_0.5;501;25.6;0.466904883443934;17;0.5760459899902344;0.5
p_hat500-1_adjacent_64_0.5;501;25.6;0.8302193968524691;28;1.7236011028289795;0.5
p_hat500-1_adjacent_65_0.5;501;25.6;1.350259067357513;4;0.0059452056884765625;0.5
p_hat500-1_adjacent_66_0.5;501;25.6;1.0392273402674592;13;0.0819251537322998;0.5
p_hat500-1_adjacent_67_0.5;501;25.6;1.7078800742902627;9;0.014441967010498047;0.5
p_hat500-1_adjacent_68_0.5;501;25.6;0.8933333333333333;2;0.0026559829711914062;0.5
p_hat500-1_adjacent_69_0.5;501;25.6;1.3471074380165289;2;0.0026421546936035156;0.5
p_hat500-1_adjacent_70_0.5;501;25.6;16.181818181818183;2;0.0027861595153808594;0.5
p_hat500-1_adjacent_71_0.5;501;25.6;0.6698841698841699;7;0.017551183700561523;0.5
p_hat500-1_adjacent_72_0.5;501;25.6;0.7575757575757576;1;0.0001430511474609375;0.5
p_hat500-1_adjacent_73_0.5;501;25.6;0.3366525599535308;16;0.271251916885376;0.5
p_hat500-1_adjacent_74_0.5;501;25.6;3.3692307692307693;2;0.0026960372924804688;0.5
p_hat500-1_adjacent_75_0.5;501;25.6;0.40530689604898673;17;0.3938028812408447;0.5
p_hat500-1_adjacent_76_0.5;501;25.6;0.5394603953253498;13;0.2913501262664795;0.5
p_hat500-1_adjacent_77_0.5;501;25.6;0.4033680834001604;14;0.2603452205657959;0.5
p_hat500-1_adjacent_78_0.5;501;25.6;10.247524752475247;2;0.002705812454223633;0.5
p_hat500-1_adjacent_79_0.5;501;25.6;0.46134020618556704;1;0.00013709068298339844;0.5
p_hat500-1_adjacent_80_0.5;501;25.6;0.45383867832847424;19;0.5191419124603271;0.5
p_hat500-1_adjacent_81_0.5;501;25.6;2.951219512195122;2;0.0030372142791748047;0.5
p_hat500-1_adjacent_82_0.5;501;25.6;4.925538863487916;8;0.006666898727416992;0.5
p_hat500-1_adjacent_83_0.5;501;25.6;1.3773584905660377;1;0.00012683868408203125;0.5
p_hat500-1_adjacent_84_0.5;501;25.6;2.539010254123941;7;0.024962186813354492;0.5
p_hat500-1_adjacent_85_0.5;501;25.6;0.3702970297029703;14;0.2838149070739746;0.5
p_hat500-1_adjacent_86_0.5;501;25.6;3.674897119341564;2;0.0026597976684570312;0.5
p_hat500-1_adjacent_87_0.5;501;25.6;1.21160409556314;8;0.0232241153717041;0.5
p_hat500-1_adjacent_88_0.5;501;25.6;10.957894736842105;2;0.0025582313537597656;0.5
p_hat500-1_adjacent_89_0.5;501;25.6;0.3879508025849489;23;0.8181848526000977;0.5
p_hat500-1_adjacent_90_0.5;501;25.6;14.777777777777779;2;0.0027031898498535156;0.5
p_hat500-1_adjacent_91_0.5;501;25.6;1.9378238341968912;1;0.00013685226440429688;0.5
p_hat500-1_adjacent_92_0.5;501;25.6;0.7917981072555205;2;0.002565145492553711;0.5
p_hat500-1_adjacent_93_0.5;501;25.6;0.4638681763785326;23;0.8441059589385986;0.5
p_hat500-1_adjacent_94_0.5;501;25.6;0.43171870440618615;20;0.5205919742584229;0.5
p_hat500-1_adjacent_95_0.5;501;25.6;0.3377741340438615;16;0.39463186264038086;0.5
p_hat500-1_adjacent_96_0.5;501;25.6;0.4118475073313783;16;0.4441089630126953;0.5
p_hat500-1_adjacent_97_0.5;501;25.6;3.6942148760330578;2;0.002805948257446289;0.5
p_hat500-1_adjacent_98_0.5;501;25.6;2.1153846153846154;3;0.004343986511230469;0.5
p_hat500-1_adjacent_99_0.5;501;25.6;0.4078346028291621;15;0.3790898323059082;0.5
p_hat500-1_adjacent_100_0.5;501;25.6;1.0322003577817531;2;0.002668142318725586;0.5
p_hat500-1_adjacent_1_0.75;501;25.6;0.514810912071186;15;0.29471802711486816;0.75
p_hat500-1_adjacent_2_0.75;501;25.6;0.7921770051363097;8;0.013825654983520508;0.75
p_hat500-1_adjacent_3_0.75;501;25.6;1.7885245901639344;3;0.0052051544189453125;0.75
p_hat500-1_adjacent_4_0.75;501;25.6;3.47244094488189;2;0.0026988983154296875;0.75
p_hat500-1_adjacent_5_0.75;501;25.6;6.624161073825503;2;0.0025632381439208984;0.75
p_hat500-1_adjacent_6_0.75;501;25.6;0.9696171136257945;13;0.05099606513977051;0.75
p_hat500-1_adjacent_7_0.75;501;25.6;0.228602383531961;1;0.0001609325408935547;0.75
p_hat500-1_adjacent_8_0.75;501;25.6;1.072992700729927;2;0.002665996551513672;0.75
p_hat500-1_adjacent_9_0.75;501;25.6;5.10752688172043;2;0.003378152847290039;0.75
p_hat500-1_adjacent_10_0.75;501;25.6;2.1925675675675675;5;0.0056231021881103516;0.75
p_hat500-1_adjacent_11_0.75;501;25.6;0.39547781569965873;20;0.6110568046569824;0.75
p_hat500-1_adjacent_12_0.75;501;25.6;0.5681049069373942;25;1.4229340553283691;0.75
p_hat500-1_adjacent_13_0.75;501;25.6;4.978947368421053;2;0.002743244171142578;0.75
p_hat500-1_adjacent_14_0.75;501;25.6;0.7687064965197216;26;1.0997200012207031;0.75
p_hat500-1_adjacent_15_0.75;501;25.6;3.0863309352517985;2;0.0026810169219970703;0.75
p_hat500-1_adjacent_16_0.75;501;25.6;1.2202630005977286;14;0.04880881309509277;0.75
p_hat500-1_adjacent_17_0.75;501;25.6;4.0941704035874436;2;0.0026569366455078125;0.75
p_hat500-1_adjacent_18_0.75;501;25.6;4.14027149321267;2;0.005705833435058594;0.75
p_hat500-1_adjacent_19_0.75;501;25.6;0.897907949790795;4;0.00739288330078125;0.75
p_hat500-1_adjacent_20_0.75;501;25.6;6.662162162162162;1;0.0001857280731201172;0.75
p_hat500-1_adjacent_21_0.75;501;25.6;0.34149819646002855;15;0.25786781311035156;0.75
p_hat500-1_adjacent_22_0.75;501;25.6;0.2799097065462754;1;0.00013685226440429688;0.75
p_hat500-1_adjacent_23_0.75;501;25.6;0.3980861244019139;13;0.31310510635375977;0.75
p_hat500-1_adjacent_24_0.75;501;25.6;1.2406311637080867;2;0.0028388500213623047;0.75
p_hat500-1_adjacent_25_0.75;501;25.6;0.32089909134385464;10;0.30806517601013184;0.75
p_hat500-1_adjacent_26_0.75;501;25.6;3.8547008547008548;2;0.0027670860290527344;0.75
p_hat500-1_adjacent_27_0.75;501;25.6;0.4698639014906027;10;0.036850929260253906;0.75
p_hat500-1_adjacent_28_0.75;501;25.6;0.4564793764209159;23;1.0090820789337158;0.75
p_hat500-1_adjacent_29_0.75;501;25.6;3.4202334630350193;2;0.0028438568115234375;0.75
p_hat500-1_adjacent_30_0.75;501;25.6;2.9238754325259517;1;0.00016689300537109375;0.75
p_hat500-1_adjacent_31_0.75;501;25.6;3.636734693877551;2;0.0027170181274414062;0.75
p_hat500-1_adjacent_32_0.75;501;25.6;1.7177033492822966;2;0.0033559799194335938;0.75
p_hat500-1_adjacent_33_0.75;501;25.6;0.5232566905390125;25;1.0911827087402344;0.75
p_hat500-1_adjacent_34_0.75;501;25.6;0.5172148785736244;21;0.6356790065765381;0.75
p_hat500-1_adjacent_35_0.75;501;25.6;2.306186025812194;14;0.04175376892089844;0.75
p_hat500-1_adjacent_36_0.75;501;25.6;44.44;2;0.0032958984375;0.75
p_hat500-1_adjacent_37_0.75;501;25.6;3.4901185770750986;2;0.0036842823028564453;0.75
p_hat500-1_adjacent_38_0.75;501;25.6;0.38496947863504455;14;0.2577488422393799;0.75
p_hat500-1_adjacent_39_0.75;501;25.6;1.750202101859337;3;0.005425930023193359;0.75
p_hat500-1_adjacent_40_0.75;501;25.6;9.142857142857142;2;0.0025780200958251953;0.75
p_hat500-1_adjacent_41_0.75;501;25.6;0.40919166543520025;12;0.20097613334655762;0.75
p_hat500-1_adjacent_42_0.75;501;25.6;4.514563106796117;2;0.004064083099365234;0.75
p_hat500-1_adjacent_43_0.75;501;25.6;0.4026337256729985;16;0.6818130016326904;0.75
p_hat500-1_adjacent_44_0.75;501;25.6;0.4901111592319908;10;0.1936638355255127;0.75
p_hat500-1_adjacent_45_0.75;501;25.6;1.3478260869565217;1;0.0001647472381591797;0.75
p_hat500-1_adjacent_46_0.75;501;25.6;2.4011976047904193;2;0.002981901168823242;0.75
p_hat500-1_adjacent_47_0.75;501;25.6;0.4171291157972623;18;0.7443568706512451;0.75
p_hat500-1_adjacent_48_0.75;501;25.6;2.0619946091644206;2;0.0027039051055908203;0.75
p_hat500-1_adjacent_49_0.75;501;25.6;0.8964941569282137;2;0.0026292800903320312;0.75
p_hat500-1_adjacent_50_0.75;501;25.6;0.4708171206225681;1;0.00013113021850585938;0.75
p_hat500-1_adjacent_51_0.75;501;25.6;46.333333333333336;2;0.0030450820922851562;0.75
p_hat500-1_adjacent_52_0.75;501;25.6;0.3801490780698313;20;0.5152871608734131;0.75
p_hat500-1_adjacent_53_0.75;501;25.6;12.686746987951807;2;0.0029299259185791016;0.75
p_hat500-1_adjacent_54_0.75;501;25.6;0.3833853354134165;17;0.3189351558685303;0.75
p_hat500-1_adjacent_55_0.75;501;25.6;0.8562091503267973;2;0.0031099319458007812;0.75
p_hat500-1_adjacent_56_0.75;501;25.6;0.4513057671381937;26;1.2029030323028564;0.75
p_hat500-1_adjacent_57_0.75;501;25.6;0.989492119089317;2;0.0027899742126464844;0.75
p_hat500-1_adjacent_58_0.75;501;25.6;0.8712871287128713;1;0.00014901161193847656;0.75
p_hat500-1_adjacent_59_0.75;501;25.6;0.3130252100840336;12;0.3301208019256592;0.75
p_hat500-1_adjacent_60_0.75;501;25.6;0.47368421052631576;25;1.0464341640472412;0.75
p_hat500-1_adjacent_61_0.75;501;25.6;2.4216867469879517;2;0.0026743412017822266;0.75
p_hat500-1_adjacent_62_0.75;501;25.6;0.9703048491549519;11;0.03565406799316406;0.75
p_hat500-1_adjacent_63_0.75;501;25.6;0.922165820642978;2;0.0026628971099853516;0.75
p_hat500-1_adjacent_64_0.75;501;25.6;0.4482758620689655;1;0.0001327991485595703;0.75
p_hat500-1_adjacent_65_0.75;501;25.6;2.4953846153846153;2;0.0028209686279296875;0.75
p_hat500-1_adjacent_66_0.75;501;25.6;1.223529411764706;1;0.000141143798828125;0.75
p_hat500-1_adjacent_67_0.75;501;25.6;0.8790773295396809;19;0.8298730850219727;0.75
p_hat500-1_adjacent_68_0.75;501;25.6;1.3966244725738397;2;0.0027000904083251953;0.75
p_hat500-1_adjacent_69_0.75;501;25.6;2.138121546961326;2;0.002655029296875;0.75
p_hat500-1_adjacent_70_0.75;501;25.6;7.352941176470588;2;0.0026488304138183594;0.75
p_hat500-1_adjacent_71_0.75;501;25.6;0.575;4;0.007134914398193359;0.75
p_hat500-1_adjacent_72_0.75;501;25.6;1.8686868686868687;2;0.0029861927032470703;0.75
p_hat500-1_adjacent_73_0.75;501;25.6;0.8776859504132232;2;0.002599954605102539;0.75
p_hat500-1_adjacent_74_0.75;501;25.6;0.48084748140872735;12;0.3517780303955078;0.75
p_hat500-1_adjacent_75_0.75;501;25.6;6.888888888888889;2;0.0035457611083984375;0.75
p_hat500-1_adjacent_76_0.75;501;25.6;0.9010499522748966;37;1.3359522819519043;0.75
p_hat500-1_adjacent_77_0.75;501;25.6;0.41950620042453357;13;0.1304309368133545;0.75
p_hat500-1_adjacent_78_0.75;501;25.6;3.4822134387351777;1;0.0001647472381591797;0.75
p_hat500-1_adjacent_79_0.75;501;25.6;4.117117117117117;2;0.0036809444427490234;0.75
p_hat500-1_adjacent_80_0.75;501;25.6;0.4214141414141414;4;0.00799107551574707;0.75
p_hat500-1_adjacent_81_0.75;501;25.6;0.3565448233612416;18;0.689208984375;0.75
p_hat500-1_adjacent_82_0.75;501;25.6;0.7129909365558912;1;0.00016498565673828125;0.75
p_hat500-1_adjacent_83_0.75;501;25.6;0.29304446978335236;1;0.00013899803161621094;0.75
p_hat500-1_adjacent_84_0.75;501;25.6;0.7946287519747235;2;0.00516819953918457;0.75
p_hat500-1_adjacent_85_0.75;501;25.6;1.3773584905660377;1;0.00021409988403320312;0.75
p_hat500-1_adjacent_86_0.75;501;25.6;0.4689119170984456;1;0.00029206275939941406;0.75
p_hat500-1_adjacent_87_0.75;501;25.6;5.311111111111111;2;0.0033080577850341797;0.75
p_hat500-1_adjacent_88_0.75;501;25.6;0.401245169600687;16;0.676642894744873;0.75
p_hat500-1_adjacent_89_0.75;501;25.6;4.875647668393782;1;0.00022912025451660156;0.75
p_hat500-1_adjacent_90_0.75;501;25.6;1.253968253968254;2;0.002712726593017578;0.75
p_hat500-1_adjacent_91_0.75;501;25.6;0.6338481948261158;17;0.5704262256622314;0.75
p_hat500-1_adjacent_92_0.75;501;25.6;0.46134020618556704;1;0.0002219676971435547;0.75
p_hat500-1_adjacent_93_0.75;501;25.6;1.612473259832154;14;0.0842430591583252;0.75
p_hat500-1_adjacent_94_0.75;501;25.6;0.7279483037156704;11;0.3778190612792969;0.75
p_hat500-1_adjacent_95_0.75;501;25.6;0.4159660367934737;15;0.33464789390563965;0.75
p_hat500-1_adjacent_96_0.75;501;25.6;1.2379475613194248;7;0.01787590980529785;0.75
p_hat500-1_adjacent_97_0.75;501;25.6;7.606060606060606;2;0.0026891231536865234;0.75
p_hat500-1_adjacent_98_0.75;501;25.6;0.9385665529010239;2;0.002638101577758789;0.75
p_hat500-1_adjacent_99_0.75;501;25.6;2.053763440860215;2;0.0033109188079833984;0.75
p_hat500-1_adjacent_100_0.75;501;25.6;5.140540540540541;2;0.002569913864135742;0.75
p_hat500-1_adjacent_1_0.13565089283453868;501;25.6;0.5084847574710918;24;1.046579122543335;0.13565089283453868
p_hat500-1_adjacent_2_0.13565089283453868;501;25.6;0.4175;1;0.0001709461212158203;0.13565089283453868
p_hat500-1_adjacent_3_0.13565089283453868;501;25.6;1.679245283018868;2;0.0027189254760742188;0.13565089283453868
p_hat500-1_adjacent_4_0.13565089283453868;501;25.6;0.29157175398633256;1;0.00014090538024902344;0.13565089283453868
p_hat500-1_adjacent_5_0.13565089283453868;501;25.6;0.4522193792412949;16;0.4758288860321045;0.13565089283453868
p_hat500-1_adjacent_6_0.13565089283453868;501;25.6;566.0;1;0.00016689300537109375;0.13565089283453868
p_hat500-1_adjacent_7_0.13565089283453868;501;25.6;1.2015503875968991;2;0.0033330917358398438;0.13565089283453868
p_hat500-1_adjacent_8_0.13565089283453868;501;25.6;0.5264255910987483;17;0.46315503120422363;0.13565089283453868
p_hat500-1_adjacent_9_0.13565089283453868;501;25.6;0.46802534456855444;27;1.2330119609832764;0.13565089283453868
p_hat500-1_adjacent_10_0.13565089283453868;501;25.6;50.63636363636363;2;0.003998279571533203;0.13565089283453868
p_hat500-1_adjacent_11_0.13565089283453868;501;25.6;0.5949367088607594;1;0.00019311904907226562;0.13565089283453868
p_hat500-1_adjacent_12_0.13565089283453868;501;25.6;0.4708171206225681;1;0.0001239776611328125;0.13565089283453868
p_hat500-1_adjacent_13_0.13565089283453868;501;25.6;1.2126829268292683;2;0.003481149673461914;0.13565089283453868
p_hat500-1_adjacent_14_0.13565089283453868;501;25.6;1.5188470066518847;2;0.004218101501464844;0.13565089283453868
p_hat500-1_adjacent_15_0.13565089283453868;501;25.6;0.8471544715447155;2;0.007695913314819336;0.13565089283453868
p_hat500-1_adjacent_16_0.13565089283453868;501;25.6;0.669697894415624;34;1.9015169143676758;0.13565089283453868
p_hat500-1_adjacent_17_0.13565089283453868;501;25.6;0.7914691943127962;1;0.00016498565673828125;0.13565089283453868
p_hat500-1_adjacent_18_0.13565089283453868;501;25.6;1.3625;1;0.00014019012451171875;0.13565089283453868
p_hat500-1_adjacent_19_0.13565089283453868;501;25.6;5.074866310160428;2;0.002630949020385742;0.13565089283453868
p_hat500-1_adjacent_20_0.13565089283453868;501;25.6;0.46134020618556704;1;0.00018596649169921875;0.13565089283453868
p_hat500-1_adjacent_21_0.13565089283453868;501;25.6;0.4629395852119026;17;0.5208530426025391;0.13565089283453868
p_hat500-1_adjacent_22_0.13565089283453868;501;25.6;0.46365832235397453;28;1.5811059474945068;0.13565089283453868
p_hat500-1_adjacent_23_0.13565089283453868;501;25.6;3.4822134387351777;1;0.0001609325408935547;0.13565089283453868
p_hat500-1_adjacent_24_0.13565089283453868;501;25.6;7.67175572519084;2;0.0026788711547851562;0.13565089283453868
p_hat500-1_adjacent_25_0.13565089283453868;501;25.6;0.6011820807307409;30;1.8089160919189453;0.13565089283453868
p_hat500-1_adjacent_26_0.13565089283453868;501;25.6;0.5139712108382727;18;0.452808141708374;0.13565089283453868
p_hat500-1_adjacent_27_0.13565089283453868;501;25.6;1.8188585607940446;2;0.002948760986328125;0.13565089283453868
p_hat500-1_adjacent_28_0.13565089283453868;501;25.6;1.0871165644171779;6;0.007543087005615234;0.13565089283453868
p_hat500-1_adjacent_29_0.13565089283453868;501;25.6;0.5350607884072209;20;0.6449198722839355;0.13565089283453868
p_hat500-1_adjacent_30_0.13565089283453868;501;25.6;0.4772005588720945;25;0.915571928024292;0.13565089283453868
p_hat500-1_adjacent_31_0.13565089283453868;501;25.6;1.3326488706365502;2;0.002724885940551758;0.13565089283453868
p_hat500-1_adjacent_32_0.13565089283453868;501;25.6;1.1846153846153846;2;0.0027527809143066406;0.13565089283453868
p_hat500-1_adjacent_33_0.13565089283453868;501;25.6;0.48946729899636043;31;1.422170877456665;0.13565089283453868
p_hat500-1_adjacent_34_0.13565089283453868;501;25.6;0.5628975990149805;26;1.384253740310669;0.13565089283453868
p_hat500-1_adjacent_35_0.13565089283453868;501;25.6;0.39213709677419356;10;0.1832890510559082;0.13565089283453868
p_hat500-1_adjacent_36_0.13565089283453868;501;25.6;0.5414412464834452;35;1.8728878498077393;0.13565089283453868
p_hat500-1_adjacent_37_0.13565089283453868;501;25.6;0.5354888574004895;30;1.415788173675537;0.13565089283453868
p_hat500-1_adjacent_38_0.13565089283453868;501;25.6;0.8524698133918771;39;1.7425811290740967;0.13565089283453868
p_hat500-1_adjacent_39_0.13565089283453868;501;25.6;1.4127659574468086;1;0.00022339820861816406;0.13565089283453868
p_hat500-1_adjacent_40_0.13565089283453868;501;25.6;0.6436940041350793;7;0.32442283630371094;0.13565089283453868
p_hat500-1_adjacent_41_0.13565089283453868;501;25.6;1.7112171837708832;2;0.003016233444213867;0.13565089283453868
p_hat500-1_adjacent_42_0.13565089283453868;501;25.6;0.647921029015854;16;0.5135061740875244;0.13565089283453868
p_hat500-1_adjacent_43_0.13565089283453868;501;25.6;1.4912280701754386;2;0.004416942596435547;0.13565089283453868
p_hat500-1_adjacent_44_0.13565089283453868;501;25.6;3.3615384615384616;1;0.00019693374633789062;0.13565089283453868
p_hat500-1_adjacent_45_0.13565089283453868;501;25.6;0.18002081165452655;1;0.0001728534698486328;0.13565089283453868
p_hat500-1_adjacent_46_0.13565089283453868;501;25.6;1.7506053268765134;2;0.0043680667877197266;0.13565089283453868
p_hat500-1_adjacent_47_0.13565089283453868;501;25.6;0.4508884067319533;29;1.2541029453277588;0.13565089283453868
p_hat500-1_adjacent_48_0.13565089283453868;501;25.6;1.3278688524590163;2;0.0029990673065185547;0.13565089283453868
p_hat500-1_adjacent_49_0.13565089283453868;501;25.6;1.668235294117647;1;0.00013494491577148438;0.13565089283453868
p_hat500-1_adjacent_50_0.13565089283453868;501;25.6;1.5536384096024005;4;0.014107942581176758;0.13565089283453868
p_hat500-1_adjacent_51_0.13565089283453868;501;25.6;1.051413881748072;19;0.07536101341247559;0.13565089283453868
p_hat500-1_adjacent_52_0.13565089283453868;501;25.6;0.5577436756926623;37;2.022203207015991;0.13565089283453868
p_hat500-1_adjacent_53_0.13565089283453868;501;25.6;1.0456733736575732;20;0.7618937492370605;0.13565089283453868
p_hat500-1_adjacent_54_0.13565089283453868;501;25.6;2.688311688311688;2;0.002763032913208008;0.13565089283453868
p_hat500-1_adjacent_55_0.13565089283453868;501;25.6;0.4943663130191628;25;0.9813592433929443;0.13565089283453868
p_hat500-1_adjacent_56_0.13565089283453868;501;25.6;11.063829787234043;1;0.00016164779663085938;0.13565089283453868
p_hat500-1_adjacent_57_0.13565089283453868;501;25.6;2.6938110749185666;1;0.00013899803161621094;0.13565089283453868
p_hat500-1_adjacent_58_0.13565089283453868;501;25.6;0.45012211159120796;19;0.3599276542663574;0.13565089283453868
p_hat500-1_adjacent_59_0.13565089283453868;501;25.6;0.5837988826815642;1;0.0002040863037109375;0.13565089283453868
p_hat500-1_adjacent_60_0.13565089283453868;501;25.6;4.333333333333333;2;0.0029802322387695312;0.13565089283453868
p_hat500-1_adjacent_61_0.13565089283453868;501;25.6;10.36;2;0.002783060073852539;0.13565089283453868
p_hat500-1_adjacent_62_0.13565089283453868;501;25.6;0.7077669902912621;28;1.9867191314697266;0.13565089283453868
p_hat500-1_adjacent_63_0.13565089283453868;501;25.6;1.8517587939698492;3;0.00590205192565918;0.13565089283453868
p_hat500-1_adjacent_64_0.13565089283453868;501;25.6;2.2492836676217767;1;0.00014901161193847656;0.13565089283453868
p_hat500-1_adjacent_65_0.13565089283453868;501;25.6;0.6509931545281114;47;2.9139819145202637;0.13565089283453868
p_hat500-1_adjacent_66_0.13565089283453868;501;25.6;0.5283852202951632;17;0.4890279769897461;0.13565089283453868
p_hat500-1_adjacent_67_0.13565089283453868;501;25.6;0.49932140653917334;17;0.3227050304412842;0.13565089283453868
p_hat500-1_adjacent_68_0.13565089283453868;501;25.6;0.5416238437821171;24;0.72027587890625;0.13565089283453868
p_hat500-1_adjacent_69_0.13565089283453868;501;25.6;1.8624316365166176;6;0.020550966262817383;0.13565089283453868
p_hat500-1_adjacent_70_0.13565089283453868;501;25.6;0.516225089715202;22;0.8862009048461914;0.13565089283453868
p_hat500-1_adjacent_71_0.13565089283453868;501;25.6;0.5967849966510381;33;1.3868467807769775;0.13565089283453868
p_hat500-1_adjacent_72_0.13565089283453868;501;25.6;6.944055944055944;2;0.0028738975524902344;0.13565089283453868
p_hat500-1_adjacent_73_0.13565089283453868;501;25.6;2.2586206896551726;1;0.00012993812561035156;0.13565089283453868
p_hat500-1_adjacent_74_0.13565089283453868;501;25.6;1.4652173913043478;1;0.0001227855682373047;0.13565089283453868
p_hat500-1_adjacent_75_0.13565089283453868;501;25.6;0.34360189573459715;1;0.0001227855682373047;0.13565089283453868
p_hat500-1_adjacent_76_0.13565089283453868;501;25.6;2.4424242424242424;2;0.0033969879150390625;0.13565089283453868
p_hat500-1_adjacent_77_0.13565089283453868;501;25.6;0.9756521739130435;2;0.0026328563690185547;0.13565089283453868
p_hat500-1_adjacent_78_0.13565089283453868;501;25.6;3.279245283018868;1;0.0001270771026611328;0.13565089283453868
p_hat500-1_adjacent_79_0.13565089283453868;501;25.6;0.460392412277131;23;0.7122840881347656;0.13565089283453868
p_hat500-1_adjacent_80_0.13565089283453868;501;25.6;1.1849710982658959;1;0.00018906593322753906;0.13565089283453868
p_hat500-1_adjacent_81_0.13565089283453868;501;25.6;0.44635564905333497;26;0.9989538192749023;0.13565089283453868
p_hat500-1_adjacent_82_0.13565089283453868;501;25.6;2.0079575596816976;1;0.00026226043701171875;0.13565089283453868
p_hat500-1_adjacent_83_0.13565089283453868;501;25.6;0.832258064516129;2;0.0030307769775390625;0.13565089283453868
p_hat500-1_adjacent_84_0.13565089283453868;501;25.6;1.099028227672374;8;0.023829936981201172;0.13565089283453868
p_hat500-1_adjacent_85_0.13565089283453868;501;25.6;0.4765625;1;0.00019216537475585938;0.13565089283453868
p_hat500-1_adjacent_86_0.13565089283453868;501;25.6;3.507936507936508;2;0.0027761459350585938;0.13565089283453868
p_hat500-1_adjacent_87_0.13565089283453868;501;25.6;4.541463414634146;2;0.0027191638946533203;0.13565089283453868
p_hat500-1_adjacent_88_0.13565089283453868;501;25.6;6.144654088050315;2;0.002586841583251953;0.13565089283453868
p_hat500-1_adjacent_89_0.13565089283453868;501;25.6;0.8743801652892562;1;0.0001251697540283203;0.13565089283453868
p_hat500-1_adjacent_90_0.13565089283453868;501;25.6;0.488621997471555;22;0.8669779300689697;0.13565089283453868
p_hat500-1_adjacent_91_0.13565089283453868;501;25.6;10.711340206185566;2;0.0030269622802734375;0.13565089283453868
p_hat500-1_adjacent_92_0.13565089283453868;501;25.6;0.5571337035454934;32;1.4449329376220703;0.13565089283453868
p_hat500-1_adjacent_93_0.13565089283453868;501;25.6;1.3674321503131524;1;0.0001728534698486328;0.13565089283453868
p_hat500-1_adjacent_94_0.13565089283453868;501;25.6;93.66666666666667;2;0.0028417110443115234;0.13565089283453868
p_hat500-1_adjacent_95_0.13565089283453868;501;25.6;1.912820512820513;2;0.002633810043334961;0.13565089283453868
p_hat500-1_adjacent_96_0.13565089283453868;501;25.6;0.6130068245684465;24;0.9324820041656494;0.13565089283453868
p_hat500-1_adjacent_97_0.13565089283453868;501;25.6;3.0;4;0.0068128108978271484;0.13565089283453868
p_hat500-1_adjacent_98_0.13565089283453868;501;25.6;0.45657464126877567;18;0.5271687507629395;0.13565089283453868
p_hat500-1_adjacent_99_0.13565089283453868;501;25.6;2.024;1;0.00015997886657714844;0.13565089283453868
p_hat500-1_adjacent_100_0.13565089283453868;501;25.6;1.6855791962174942;2;0.002704143524169922;0.13565089283453868
